,recovery-SPY,expansion-SPY,slowdown-SPY,contraction-SPY,buy_and_hold-SPY,recovery-LQD,expansion-LQD,slowdown-LQD,contraction-LQD,buy_and_hold-LQD,recovery-IEF,expansion-IEF,slowdown-IEF,contraction-IEF,buy_and_hold-IEF
const,-0.02359922686438768,-0.03343959092298976,-0.022928906900318846,-0.01369036939176884,-0.02918785701789088,-0.03947788756191055,-0.0328368013131894,-0.04762446757311323,-0.028855145283281328,-0.04053105033559504,-0.023269118194464828,-0.03522888220404815,-0.042718394200565044,-0.01605564803222702,-0.0358374665419825
credit03,14.004490719430384,19.492454000122837,-3.0528200605666163,7.052141251969637,14.990022734887887,29.745630218044994,15.109540055146141,27.62866026339531,25.802808957245883,26.472785970719208,14.75206580239534,17.946363306844187,27.194598858338423,17.019542798069164,23.4456043599465
term03,-11.337324845327826,-15.35905952438868,17.603252281465366,-5.529662020667402,-10.702716237001285,-28.30195718671723,-9.569130675815586,-26.151097998032597,-29.278920202857094,-24.60088466315012,-12.053878316725132,-12.955286401819887,-27.923484317755825,-19.826864231328333,-21.60253204800304
equity01,0.9942031139490041,1.0313080773983287,0.9847566621799019,1.013234910417872,1.0286077417584134,0.12472283861532507,0.10209279157381879,-0.025820057708394538,0.27781070108086825,0.196421575966869,-0.12132933564223794,-0.055205790569595514,-0.2455351260105425,-0.05551813930473798,-0.08491081634381716
